Movie Name,Genre,Ratings,Voting Counts,Duration
Mufasa: The Lion King,Adventure,6.6, 59K,1h 58m
Moana 2,Adventure,6.6, 98K,1h 40m
Kraven the Hunter,Adventure,5.5, 52K,2h 7m
Flow,Adventure,7.9, 70K,1h 25m
Gladiator II,Adventure,6.5, 225K,2h 28m
Twisters,Adventure,6.5, 165K,2h 2m
Sonic the Hedgehog 3,Adventure,6.9, 57K,1h 50m
Venom: The Last Dance,Adventure,6.0, 114K,1h 50m
Deadpool & Wolverine,Adventure,7.6, 487K,2h 8m
Dune: Part Two,Adventure,8.5, 621K,2h 46m
Freaky Tales,Adventure,7.2, 867,1h 46m
The Day the Earth Blew Up: A Looney Tunes Movie,Adventure,7.0, 3.7K,1h 31m
Furiosa: A Mad Max Saga,Adventure,7.5, 283K,2h 28m
Solo Leveling: ReAwakening,Adventure,8.9, 11K,2h 1m
Borderlands,Adventure,4.7, 47K,1h 41m
Paddington in Peru,Adventure,6.7, 19K,1h 46m
The Count of Monte-Cristo,Adventure,7.6, 33K,2h 58m
Despicable Me 4,Adventure,6.2, 64K,1h 34m
Transformers One,Adventure,7.6, 49K,1h 44m
The Lord of the Rings: The War of the Rohirrim,Adventure,6.3, 30K,2h 14m
Inside Out 2,Adventure,7.5, 215K,1h 36m
The Return,Adventure,6.2, 8K,1h 56m
Madame Web,Adventure,4.0, 100K,1h 56m
Bad Boys: Ride or Die,Adventure,6.5, 99K,1h 55m
Kingdom of the Planet of the Apes,Adventure,6.9, 151K,2h 25m
Godzilla x Kong: The New Empire,Adventure,6.0, 121K,1h 55m
Ghostbusters: Frozen Empire,Adventure,6.1, 93K,1h 55m
Damsel,Adventure,6.1, 109K,1h 50m
Red One,Adventure,6.3, 139K,2h 3m
Love Lies Bleeding,Adventure,6.6, 56K,1h 44m
Spaceman,Adventure,5.7, 43K,1h 47m
Uglies,Adventure,4.7, 32K,1h 40m
Kung Fu Panda 4,Adventure,6.3, 67K,1h 34m
Attack on Titan the Movie: The Last Attack,Adventure,9.2, 15K,2h 25m
Survive,Adventure,4.6, 2.3K,1h 30m
The Garfield Movie,Adventure,5.7, 24K,1h 41m
Spellbound,Adventure,5.6, 7.2K,1h 49m
Harold and the Purple Crayon,Adventure,5.7, 8.2K,1h 30m
Wallace & Gromit: Vengeance Most Fowl,Adventure,7.5, 34K,1h 22m
Night of the Zoopocalypse,Adventure,6.2, 514,1h 31m
Atlas,Adventure,5.6, 56K,1h 58m
Rebel Moon - Part Two: The Scargiver,Adventure,5.3, 59K,2h 2m
Descendants: The Rise of Red,Adventure,4.7, 7K,1h 31m
Kalki 2898-AD,Adventure,7.0, 66K,3h
Arthur the King,Adventure,7.0, 34K,1h 47m
The Unholy Trinity,Adventure,7.9, 49,1h 33m
Monster Summer,Adventure,5.7, 3.6K,1h 37m
My Penguin Friend,Adventure,6.7, 4.9K,1h 37m
Winner,Adventure,6.5, 2.4K,1h 43m
Hitpig,Adventure,5.1, 909,1h 26m
Thelma the Unicorn,Adventure,5.7, 2.9K,1h 33m
No Way Up,Adventure,4.6, 10K,1h 30m
Megamind vs. The Doom Syndicate,Adventure,2.5, 5.5K,1h 23m
The Goat Life,Adventure,7.1, 47K,2h 53m
Family Pack,Adventure,5.5, 8.9K,1h 34m
River of Blood,Adventure,5.3, 1.7K,1h 26m
The Best Christmas Pageant Ever,Adventure,6.8, 6.1K,1h 39m
The Wages of Fear,Adventure,4.6, 4.1K,1h 44m
Orion and the Dark,Adventure,6.3, 17K,1h 33m
Dongeng Sang Kancil,Adventure,6.8, 157,1h 39m
Devil's Knight,Adventure,5.4, 820,1h 30m
Sasquatch Sunset,Adventure,5.4, 5.4K,1h 28m
Overlord: The Sacred Kingdom,Adventure,6.9, 891,2h 15m
Lost on a Mountain in Maine,Adventure,6.1, 1.2K,1h 38m
Justice League: Crisis on Infinite Earths - Part One,Adventure,6.2, 8.4K,1h 33m
Justice League: Crisis on Infinite Earths - Part Three,Adventure,6.1, 4.5K,1h 34m
Bookworm,Adventure,6.0, 1.8K,1h 43m
Anaconda,Adventure,4.8, 625,1h 24m
Chuck Billy and the Marvelous Guava Tree,Adventure,7.5, 922,1h 30m
Something in the Water,Adventure,4.1, 4.6K,1h 26m
Hanu Man,Adventure,7.7, 29K,2h 38m
Buffalo Kids,Adventure,6.6, 670,1h 33m
"I, the Executioner",Adventure,6.3, 1.7K,1h 58m
Saving Bikini Bottom: The Sandy Cheeks Movie,Adventure,3.7, 3.8K,1h 22m
The Price of Money: A Largo Winch Adventure,Adventure,5.0, 1.1K,1h 40m
Badland Hunters,Adventure,5.9, 12K,1h 47m
The Empire,Adventure,5.2, 1.2K,1h 50m
Ultraman: Rising,Adventure,6.9, 6.3K,1h 57m
The Courier,Adventure,6.0, 4.4K,1h 41m
Autumn and the Black Jaguar,Adventure,5.6, 990,1h 40m
A Legend,Adventure,4.7, 886,2h 9m
My Hero Academia: You're Next,Adventure,7.0, 2K,1h 50m
That Christmas,Adventure,6.8, 17K,1h 31m
Manjummel Boys,Adventure,8.2, 27K,2h 15m
Saint-Exupéry,Adventure,5.6, 254,1h 38m
200% Wolf,Adventure,5.9, 1.3K,1h 38m
Operation Blood Hunt,Adventure,3.4, 477,1h 33m
Woody Woodpecker Goes to Camp,Adventure,4.5, 2.6K,1h 40m
The Tiger's Apprentice,Adventure,5.7, 2.2K,1h 24m
Cult Killer,Adventure,4.8, 2.8K,1h 45m
Raqa,Adventure,5.7, 177,1h 47m
Justice League: Crisis on Infinite Earths - Part Two,Adventure,5.5, 5.3K,1h 34m
Sixty Minutes,Adventure,5.7, 5.2K,1h 28m
Golden Kamuy,Adventure,6.3, 2.6K,2h 7m
One Million Babes BC,Adventure,2.2, 78,1h 15m
Doraemon the Movie: Nobita's Earth Symphony,Adventure,6.6, 1.5K,1h 55m
"Bambi, l'histoire d'une vie dans les bois",Adventure,5.7, 162,1h 18m
Angels Fallen: Warriors of Peace,Adventure,4.9, 5.8K,1h 43m
The Twisters,Adventure,2.6, 329,1h 26m
Dragonkeeper,Adventure,5.7, 1.6K,1h 38m
Unspeakable: Beyond the Wall of Sleep,Adventure,6.2, 47,1h 30m
Crayon Shin-chan: Ora's Dinosaur Diary,Adventure,6.4, 337,1h 46m
Lumina,Adventure,2.1, 661,1h 53m
The Firing Squad,Adventure,5.4, 5K,1h 33m
Eat the Night,Adventure,6.1, 464,1h 46m
Bade Miyan Chote Miyan,Adventure,3.7, 39K,2h 43m
Demon Slayer: Kimetsu No Yaiba - To the Hashira Training,Adventure,7.1, 8.4K,1h 44m
The Last Redemption,Adventure,6.7, 3.4K,2h 2m
Roadkill,Adventure,3.7, 678,1h 30m
WWII: Operation Phoenix,Adventure,6.3, 73,1h 46m
Escape,Adventure,6.4, 2K,1h 34m
No Time to Spy: A Loud House Movie,Adventure,6.4, 443,1h 21m
War of the Worlds: Extinction,Adventure,3.1, 202,1h 24m
The Sloth Lane,Adventure,5.6, 203,1h 30m
No Chains No Masters,Adventure,6.4, 500,1h 38m
A.R.M,Adventure,7.1, 8.6K,2h 30m
Escape from the 21st Century,Adventure,6.5, 856,1h 38m
Man and Witch: The Dance of a Thousand Steps,Adventure,5.5, 328,1h 34m
Diplodocus,Adventure,6.3, 171,1h 30m
My Oni Girl,Adventure,6.0, 1.7K,1h 52m
Bionic,Adventure,4.3, 1.7K,1h 50m
Thangalaan,Adventure,6.6, 6.6K,2h 36m
Robin and the Hoods,Adventure,4.4, 509,1h 40m
Kanguva,Adventure,4.5, 15K,2h 32m
The Lost Tiger,Adventure,7.8, 44,1h 30m
Noah's Ark,Adventure,4.3, 641,1h 36m
The Last Ronin,Adventure,4.8, 571,1h 55m
Spiders on a Plane,Adventure,5.2, 371,1h 18m
Gracie and Pedro: Pets to the Rescue,Adventure,5.1, 265,1h 27m
Pimpinero: Blood and Oil,Adventure,5.6, 544,2h 1m
Planetquake,Adventure,3.0, 298,1h 25m
Guest from the Future,Adventure,6.0, 1.2K,2h 21m
Marianengraben,Adventure,7.5, 81,1h 27m
The Last of Us: Immunity,Adventure,5.8, 14,1h 4m
The Phantom Warrior,Adventure,2.4, 555,1h 59m
Ayalaan,Adventure,6.0, 4K,2h 35m
Going Viral,Adventure,6.8, 52,1h 30m
Rebellious,Adventure,6.0, 188,1h 34m
Barroz,Adventure,3.5, 989,2h 35m
Bureau 749,Adventure,4.1, 521,2h 3m
Never Look Away,Adventure,7.2, 258,1h 25m
School of Magical Animals 3,Adventure,5.9, 307,1h 45m
The Goat,Adventure,6.0, 97,1h 31m
Patsy Lee & the Keepers of the 5 Kingdoms,Adventure,4.0, 219,1h 49m
All for One,Adventure,1.2, 626,1h 37m
Oscar Wilde About America,Adventure,3.5, 22,1h 38m
Dalia y el Libro Rojo,Adventure,6.4, 79,1h 47m
Cells at Work!,Adventure,6.8, 194,1h 49m
Gladiators,Adventure,6.3, 39,1h 35m
Treasure Trackers,Adventure,5.8, 159,1h 32m
The Mountain,Adventure,6.6, 155,1h 29m
Gaami,Adventure,6.4, 2K,2h 27m
Return to Wickensburg,Adventure,5.0, 27,1h 28m
My Freaky Family,Adventure,6.3, 398,1h 26m
Rally Caps,Adventure,5.5, 138,1h 40m
Giants of La Mancha,Adventure,6.2, 558,1h 28m
The Casagrandes Movie,Adventure,5.6, 663,1h 29m
I Heart Robots,Adventure,4.6, 2.4K,1h 16m
Earthquake Underground,Adventure,3.3, 192,1h 23m
Ahl Al Kahf,Adventure,5.3, 258,2h
A Trip Elsewhere,Adventure,5.6, 101,1h 33m
Mong Vuot,Adventure,5.3, 123,1h 36m
Dünya Varmis,Adventure,7.4, 51,1h 40m
Mobile Suit Gundam SEED Freedom,Adventure,6.6, 944,2h 4m
Jathara,Adventure,6.4, 1.1K,2h 9m
Oculus,Adventure,6.0, 15,1h 53m
Yi ren zhi xia,Adventure,5.2, 207,2h 14m
Satu - Year of the Rabbit,Adventure,9.1, 56,1h 33m
Sunlight,Adventure,7.9, 17,1h 36m
Empire Queen,Adventure,3.2, 204,2h 28m
Witch Hunter,Adventure,5.2, 23,1h 20m
Captain Miller,Adventure,6.5, 8.6K,2h 37m
Amazon Bullseye,Adventure,5.3, 190,1h 53m
Kvitebjørn,Adventure,5.8, 56,1h 25m
The Magic Reindeer Saving Santa's Sleigh,Adventure,6.2, 325,1h 26m
Warrior Awang and Master Tok Gajah,Adventure,4.6, 472,1h 58m
Odio el verano,Adventure,5.1, 566,1h 43m
Next to Us,Adventure,4.9, 222,2h 5m
Rocky Road to Berlin,Adventure,7.2, 1.4K,1h 44m
Trifole,Adventure,7.7, 50,1h 40m
Bremenskie muzykanty,Adventure,4.6, 669,1h 55m
Daye: Seret ahl el Daye,Adventure,7.8, 15,1h 44m
Ghost Island,Adventure,7.3, 46,1h 35m
Its Name Was Mormo,Adventure,3.7, 114,1h 33m
Kalvan,Adventure,5.6, 985,2h 22m
The Kingdom,Adventure,7.9, 88,2h 13m
Meanwhile on Earth,Adventure,6.0, 898,1h 29m
Shrek 5: The Contract - A Fan Made Film,Adventure,7.0, 19,1h 24m
The Forest,Adventure,6.5, 48,1h 17m
Taklee Genesis x Worlds Collide,Adventure,5.4, 402,2h 26m
Kodaikanal,Adventure,9.2, 69,2h 53m
Memes & Nightmares,Adventure,5.7, 84,1h 21m
Fox & Hare Save the Forest,Adventure,5.9, 198,1h 11m
Dead Dead Demon's Dededede Destruction,Adventure,7.0, 143,2h
The Epidemic,Adventure,5.8, 70,1h 35m
Big City Greens the Movie: Spacecation,Adventure,6.2, 539,1h 23m
Road Wars: Max Fury,Adventure,2.0, 350,1h 23m
Si Juki the Movie: Harta Pulau Monyet,Adventure,6.0, 115,1h 47m
"Maya, donne-moi un titre",Adventure,6.4, 51,1h 1m
My Fathers' Daughter,Adventure,6.7, 74,1h 18m
Little Emma,Adventure,5.7, 108,1h 46m
Stranded Pearl,Adventure,6.0, 27,1h 30m
Five Friends,Adventure,6.7, 888,1h 52m
The Backrooms,Adventure,6.2, 8,1h 3m
Panda Bear in Africa,Adventure,5.5, 320,1h 24m
Jurassic Triangle,Adventure,2.5, 280,1h 24m
Elli and the Ghostly Ghost Train,Adventure,5.0, 95,1h 26m
Buddy,Adventure,3.9, 342,2h 17m
Nintama Rantaro Dokutake Ninja-tai Saikyou no Gunshi,Adventure,7.1, 17,1h 30m
Powder Pup,Adventure,6.2, 76,1h 29m
The Worlds Divide,Adventure,8.0, 38,2h
Stinky Summer,Adventure,5.7, 50,1h 30m
Diving Into the Darkness,Adventure,9.1, 82,1h 36m
Tokusou Sentai Dekaranger 20th: Fireball Booster,Adventure,7.1, 30,50m
Moy dikiy drug,Adventure,6.6, 56,1h 40m
Vertical,Adventure,5.2, 128,1h 51m
Game On,Adventure,2.6, 350,1h 25m
The Slave and the Sorcerer,Adventure,6.6, 39,1h 26m
Tracing the Divide,Adventure,8.8, 169,1h 24m
Dragon Ball Kai: Doragon Bôru Kai,Adventure,8.4, 68,1h 22m
Captain Avispa,Adventure,5.8, 173,1h 36m
The Adventures of Jurassic Pet: Return to the Wild,Adventure,5.4, 58,1h 30m
Formed Police Unit,Adventure,4.6, 475,2h
Yolki 11,Adventure,4.7, 167,1h 32m
Transformers Prime: Galavatron's Revenge,Adventure,3.4, 8,1h 44m
The Star City Murders,Adventure,4.1, 142,1h 19m
Teenz,Adventure,4.4, 862,2h 2m
At Her Feet,Adventure,7.5, 41,1h 40m
Masha i Medved v kino: Park chudes,Adventure,7.6, 17,58m
Baba Yaga spasaet Novyy god,Adventure,4.4, 116,1h 39m
Fûto Tantei: Kamen Rider Skull no Shôzô,Adventure,7.4, 39,1h 22m
Steal the Naughty List,Adventure,6.5, 117,1h 30m
Yaren Leylek,Adventure,5.9, 26,1h 35m
Vikaasaparva,Adventure,8.5, 541,2h 14m
Major Grom: The Game,Adventure,6.1, 1.8K,2h 48m
Tay 2: Ebabil Takimi,Adventure,5.3, 37,1h 18m
Spirit Riser,Adventure,6.7, 33,1h 38m
Birds Flying East,Adventure,5.8, 565,1h 40m
This Land of Mine,Adventure,7.3, 7,1h 30m
Bull Shark 3,Adventure,3.5, 79,1h 16m
Ognivo,Adventure,5.5, 224,1h 45m
Tulang Belulang Tulang,Adventure,7.0, 44,1h 35m
Arctic Hollow,Adventure,2.3, 179,1h 10m
Historia de pastores,Adventure,5.5, 33,1h 20m
Un lío de millones,Adventure,6.0, 50,1h 31m
Tri kota. Zimnie kanikuly,Adventure,6.5, 30,1h 5m
Friendly Fire,Adventure,6.6, 31,1h 45m
Sam and Colby: The Legends of the Paranormal,Adventure,4.8, 304,1h 38m
Die Chaosschwestern und Pinguin Paul,Adventure,5.7, 66,1h 40m
Luigi's Mansion,Adventure,6.0, 17,1h
Bolshoe puteshestvie. Vokrug sveta,Adventure,5.7, 55,1h 25m
Abudeka Is Back,Adventure,5.3, 34,2h
Håkan Bråkan 2,Adventure,5.3, 132,1h 32m
Letuchiy korabl,Adventure,3.8, 295,1h 40m
Z-Mom,Adventure,4.8, 44,1h 30m
Tipppsy,Adventure,8.2, 33,1h 55m
Death Game,Adventure,6.3, 24,1h 28m
Nature Cat's Nature Movie Special Extraordinaire,Adventure,7.3, 18,53m
Chernyy zamok,Adventure,7.8, 17,1h 55m
Shanghai Story,Adventure,8.1, 57,1h 11m
Gepack,Adventure,6.6, 360,1h 37m
Hain,Adventure,2.9, 45,1h 35m
Six Nine Five (695),Adventure,7.0, 705,2h 17m
The Trail,Adventure,7.2, 20,1h 20m
Pui Pui Molcar the Movie: Molmax,Adventure,7.0, 9,1h 9m
Benjamin Bat,Adventure,8.1, 28,1h 15m
My Redneck Neighbor: Chapter 1 - The Rednecks Are Coming,Adventure,5.0, 7,1h 14m
Güzel Bir Rüya,Adventure,4.9, 41,1h 19m
Kiyma: Orman Kanunlari,Adventure,4.3, 35,1h 21m
Two Breaths,Adventure,8.2, 22,18m
LasseMajas detektivbyrå - Maskoten som försvann,Adventure,6.0, 55,1h 30m
Askepote,Adventure,3.5, 80,1h 12m
Seven Seas Seven Hills,Adventure,8.7, 89,1h 30m
Nothing Unusual,Adventure,9.7, 12,1h 32m
Wandafuru Purikyua! Za mubi! Doki Doki Game no Sekai de Daiboken,Adventure,6.8, 32,1h 11m
"Zak & Wowo, la légende de Lendarys",Adventure,5.7, 95,1h 25m
Xibalba Monster,Adventure,6.4, 25,1h 16m
Cazatesoros,Adventure,6.5, 27,1h 46m
Kade,Adventure,6.7, 16,1h 32m
Zoloto Umalty,Adventure,4.9, 109,1h 49m
Dikkie Dik 2: Een Nieuwe Vriend voor Dikkie Dik,Adventure,7.4, 72,1h 10m
Jaunt,Adventure,8.4, 7,1h 18m
Lo carga el diablo,Adventure,7.4, 23,1h 33m
Bratya,Adventure,2.8, 117,1h 43m
Kaizen,Adventure,7.3, 648,2h 40m
Troy the Bharat Putra,Adventure,5.5, 31,2h 14m
Permafrost,Adventure,5.7, 114,1h 20m
The Secret of Pin-Up Island,Adventure,7.4, 92,1h 47m
Dünya Mali: Eksi Bir,Adventure,7.2, 16,2h 13m
Joachim and the Apocalypse,Adventure,7.2, 13,1h 30m
"Silex and the City, le film",Adventure,4.9, 50,1h 17m
Dikkie Dik en de Verdwenen Knuffel,Adventure,7.2, 129,1h 2m
Manyunya. Priklyucheniya v derevne,Adventure,5.9, 117,1h 24m
BAM!,Adventure,6.9, 28,1h 20m
Goodbye Hamdi,Adventure,6.2, 8,1h 25m
Appu,Adventure,8.6, 181,1h 32m
The Eye of the Salamander,Adventure,7.9, 20,1h 21m
Oyunda Kal: Eglence Arenasi,Adventure,2.7, 35,1h 32m
Tri bogatyrya. Ni dnya bez podviga,Adventure,5.7, 66,1h 1m
Cândido,Adventure,6.3, 59,1h 39m
Shadows of Betrayal: Chronicles of Ian Blair,Adventure,7.3, 12,1h 5m
Turma da Mônica Jovem: Reflexos do Medo,Adventure,2.8, 257,1h 28m
Surge of Power: Where There's Smoke,Adventure,6.5, 13,1h 8m
Igrisca ne damo!,Adventure,6.9, 26,1h 19m
Kido senshi Gandamu: Ginhai no Gen'ei,Adventure,6.1, 13,1h 30m
Triple 7,Adventure,8.5, 13,1h 37m
Yasmeen's Element,Adventure,7.6, 20,1h 16m
Dead Dead Demon's Dededede Destruction Zenpen,Adventure,7.1, 138,2h
The Yoshi Movie,Adventure,7.7, 12,1h 45m
Rocky and Bullwinkle,Adventure,9.1, 12,1h 40m
Dou Po Cangqiong 3: Chu E,Adventure,4.7, 8,1h 21m
The Very Last Christmas,Adventure,8.5, 12,1h 15m
Pirates & Slaves,Adventure,5.8, 6,53m
The Umbrella Fairy,Adventure,5.6, 50,1h 35m
Advent,Adventure,7.5, 6,1h 59m
No More Trouble - Cosa rimane di una tempesta,Adventure,8.4, 18,1h 37m
Mai Martaba,Adventure,4.9, 10,1h 26m
Hope & Glory,Adventure,6.6, 143,44m
Mama,Adventure,8.5, 7,1h 40m
Manyunya. Priklyucheniya v Moskve,Adventure,5.8, 110,1h 27m
Chhota Bheem and the Curse of Damyaan,Adventure,4.8, 2.3K,2h 25m
Heavens: The Boy and His Robot,Adventure,6.3, 22,1h 38m
Tur s Ivanushkami,Adventure,5.3, 158,1h 51m
Wonderland,Adventure,6.8, 12,2h
Poklad,Adventure,4.5, 36,1h 40m
Operation Wakaliga: Fate and Blood,Adventure,6.7, 11,1h 6m
Naa Saami Ranga,Adventure,4.5, 1.2K,2h 30m
Dreams,Adventure,7.6, 8,1h 46m
Samaya bolshaya luna,Adventure,2.4, 128,1h 45m
Vasilisa i khraniteli vremeni,Adventure,3.2, 66,1h 38m
The Last Five Days: The Freak Building,Adventure,3.8, 58,1h 1m
Wilhelm Gustloff,Adventure,8.7, 8,1h 50m
Antarctic Voyage,Adventure,6.8, 6,48m
Piraty galaktiki Barrakuda,Adventure,4.5, 81,1h 32m
Bar MoskvaChiki,Adventure,5.2, 102,1h 31m
Novyy god v Beryozovke,Adventure,7.1, 99,1h 34m
Petualangan Anak Penangkap Hantu,Adventure,6.0, 25,1h 39m
Suchana,Adventure,9.0, 527,1h 30m
Moy lyubimyy chempion,Adventure,2.4, 419,1h 35m
Mesken (Messuage),Adventure,7.5, 38,1h 42m
Anytime,Adventure,8.9, 20,1h 2m
Dracu Ra,Adventure,5.4, 36,1h 46m
The Bigfoot Prophecy,Adventure,4.8, 23,1h 57m
A Christmas Carol,Adventure,9.8, 11,39m
De Legende van Familie Vos,Adventure,5.7, 58,1h 21m
YA - medved,Adventure,5.0, 61,1h 37m
"Fallen Leaves, Broken Lighters",Adventure,7.7, 7,1h 36m
Adam i Eva,Adventure,5.1, 93,1h 35m
Mountain Boy,Adventure,8.2, 17,1h 33m
Luccas e Gi em: Dinossauros,Adventure,3.5, 27,1h 31m
Isle: Alpha One,Adventure,8.4, 7,1h 37m
Mortadella,Adventure,8.4, 6,1h 30m
Longe da Estrada,Adventure,6.0, 9,1h 8m
Kyle and the Last Emerald 2,Adventure,8.4, 7,15m
Frankenstein Theater: The Magic Sword,Adventure,4.4, 23,1h 22m
Boom!,Adventure,8.3, 10,1h 30m
StarGazer: The Need of the Many,Adventure,5.0, 9,47m
V potoke trekh stikhiy,Adventure,5.2, 42,1h 25m
Suvorovets 1944,Adventure,5.6, 8,1h 30m
LUDA,Adventure,7.2, 6,1h 26m
Piri Reis: The Incredible Chart,Adventure,6.8, 21,2h 18m
Ngesot,Adventure,4.8, 18,1h 27m
Mao pai te gong,Adventure,3.7, 8,1h 35m
Abar Arownne Din Ratri,Adventure,7.8, 7,1h 51m
Tayna Chyornoy Ruki,Adventure,5.7, 23,1h 24m
Colour Palette,Adventure,9.0, 23,1h 27m
Mukhadrakon,Adventure,5.3, 18,1h 49m
"Poymay sobaku, esli smozhesh",Adventure,3.5, 36,1h 36m
Príncipe Lu e a Lenda do Dragão,Adventure,4.2, 27,1h 30m
The Dragon's Tomb,Adventure,6.8, 52,1h 17m
Whites Only: Ade's Extremist Adventure,Adventure,7.0, 27,1h 5m
Beyond existence,Adventure,5.3, 11,1h 35m
Il ricercatore,Adventure,5.8, 7,1h 11m
Turbozavry. God drakona,Adventure,9.2, 43,48m
Banana Boat,Adventure,5.7, 20,1h 18m
Skazochnyy patrul. Shou prodolzhayetsya,Adventure,7.2, 11,1h 5m
The Ballad of Straw Hat Sam,Adventure,9.2, 10,45m
Dandelions,Adventure,8.9, 9,1h 35m
The Blinkless,Adventure,7.8, 12,59m
Chyortov kamen,Adventure,6.4, 9,1h 45m
Let's Go! Anpanman: Baikinman and Lulun,Adventure,6.5, 7,1h 4m
Applepictures the Poseidon Legacy,Adventure,6.4, 19,1h 24m
Okhota na russkogo geniya,Adventure,5.3, 11,1h 11m
Selebryata,Adventure,3.8, 20,1h 33m
Sehnsucht nach Firdaws,Adventure,8.5, 6,1h 43m
The Kingfish 2,Adventure,7.9, 10,1h 12m
